-- phpMyAdmin SQL Dump
-- version 5.1.0
-- https://www.phpmyadmin.net/
--
-- Host: 127.0.0.1
-- Generation Time: Jul 25, 2023 at 06:04 PM
-- Server version: 10.4.19-MariaDB
-- PHP Version: 7.4.19

SET SQL_MODE = "NO_AUTO_VALUE_ON_ZERO";
START TRANSACTION;
SET time_zone = "+00:00";


/*!40101 SET @OLD_CHARACTER_SET_CLIENT=@@CHARACTER_SET_CLIENT */;
/*!40101 SET @OLD_CHARACTER_SET_RESULTS=@@CHARACTER_SET_RESULTS */;
/*!40101 SET @OLD_COLLATION_CONNECTION=@@COLLATION_CONNECTION */;
/*!40101 SET NAMES utf8mb4 */;

--
-- Database: `gispertanian`
--

-- --------------------------------------------------------

--
-- Table structure for table `failed_jobs`
--

CREATE TABLE `failed_jobs` (
  `id` bigint(20) UNSIGNED NOT NULL,
  `uuid` varchar(255) COLLATE utf8mb4_unicode_ci NOT NULL,
  `connection` text COLLATE utf8mb4_unicode_ci NOT NULL,
  `queue` text COLLATE utf8mb4_unicode_ci NOT NULL,
  `payload` longtext COLLATE utf8mb4_unicode_ci NOT NULL,
  `exception` longtext COLLATE utf8mb4_unicode_ci NOT NULL,
  `failed_at` timestamp NOT NULL DEFAULT current_timestamp()
) ENGINE=InnoDB DEFAULT CHARSET=utf8mb4 COLLATE=utf8mb4_unicode_ci;

-- --------------------------------------------------------

--
-- Table structure for table `migrations`
--

CREATE TABLE `migrations` (
  `id` int(10) UNSIGNED NOT NULL,
  `migration` varchar(255) COLLATE utf8mb4_unicode_ci NOT NULL,
  `batch` int(11) NOT NULL
) ENGINE=InnoDB DEFAULT CHARSET=utf8mb4 COLLATE=utf8mb4_unicode_ci;

--
-- Dumping data for table `migrations`
--

INSERT INTO `migrations` (`id`, `migration`, `batch`) VALUES
(1, '2014_10_12_000000_create_users_table', 1),
(2, '2014_10_12_100000_create_password_resets_table', 1),
(3, '2019_08_19_000000_create_failed_jobs_table', 1),
(4, '2019_12_14_000001_create_personal_access_tokens_table', 1);

-- --------------------------------------------------------

--
-- Table structure for table `password_resets`
--

CREATE TABLE `password_resets` (
  `email` varchar(255) COLLATE utf8mb4_unicode_ci NOT NULL,
  `token` varchar(255) COLLATE utf8mb4_unicode_ci NOT NULL,
  `created_at` timestamp NULL DEFAULT NULL
) ENGINE=InnoDB DEFAULT CHARSET=utf8mb4 COLLATE=utf8mb4_unicode_ci;

-- --------------------------------------------------------

--
-- Table structure for table `personal_access_tokens`
--

CREATE TABLE `personal_access_tokens` (
  `id` bigint(20) UNSIGNED NOT NULL,
  `tokenable_type` varchar(255) COLLATE utf8mb4_unicode_ci NOT NULL,
  `tokenable_id` bigint(20) UNSIGNED NOT NULL,
  `name` varchar(255) COLLATE utf8mb4_unicode_ci NOT NULL,
  `token` varchar(64) COLLATE utf8mb4_unicode_ci NOT NULL,
  `abilities` text COLLATE utf8mb4_unicode_ci DEFAULT NULL,
  `last_used_at` timestamp NULL DEFAULT NULL,
  `created_at` timestamp NULL DEFAULT NULL,
  `updated_at` timestamp NULL DEFAULT NULL
) ENGINE=InnoDB DEFAULT CHARSET=utf8mb4 COLLATE=utf8mb4_unicode_ci;

-- --------------------------------------------------------

--
-- Table structure for table `tbl_datalahan`
--

CREATE TABLE `tbl_datalahan` (
  `id_datalahan` int(11) NOT NULL,
  `nama_lahan` varchar(255) DEFAULT NULL,
  `id_pemiliklahan` int(11) DEFAULT NULL,
  `geojson` longtext DEFAULT NULL,
  `luas` int(255) DEFAULT NULL,
  `gambar` varchar(255) DEFAULT NULL
) ENGINE=InnoDB DEFAULT CHARSET=utf8mb4;

--
-- Dumping data for table `tbl_datalahan`
--

INSERT INTO `tbl_datalahan` (`id_datalahan`, `nama_lahan`, `id_pemiliklahan`, `geojson`, `luas`, `gambar`) VALUES
(27, 'sawah kulon ratan', 32, '{\"type\":\"FeatureCollection\",\"features\":[{\"type\":\"Feature\",\"properties\":{},\"geometry\":{\"type\":\"Polygon\",\"coordinates\":[[[111.94351233009456,-7.247223801101512],[111.9434862573487,-7.247326083240225],[111.94344833335481,-7.247444824546221],[111.9429565065646,-7.247356650312327],[111.94296717268725,-7.247327258897528],[111.9430655380458,-7.247230855043],[111.94310346203838,-7.2471544373383665],[111.9431236091608,-7.247125045910465],[111.94351233009456,-7.247223801101512]]]}}]}', 1343, 'jpg'),
(28, 'sawah kulon etan dalan', 32, '{\"type\":\"FeatureCollection\",\"features\":[{\"type\":\"Feature\",\"properties\":{},\"geometry\":{\"type\":\"Polygon\",\"coordinates\":[[[111.945373,-7.245224],[111.945573,-7.245228],[111.945586,-7.244965],[111.945388,-7.244961],[111.945373,-7.245224]]]}}]}', 645, 'jpg'),
(30, 'sawah kulon johan', 39, '{\"type\":\"FeatureCollection\",\"features\":[{\"type\":\"Feature\",\"properties\":{},\"geometry\":{\"type\":\"Polygon\",\"coordinates\":[[[111.9428144936619,-7.247882909366126],[111.94253594714729,-7.247826823939349],[111.94251463424172,-7.247912206998933],[111.94248109184122,-7.2480998798185965],[111.94248515866406,-7.248175511349672],[111.94267031990091,-7.248227461647275],[111.94267037293366,-7.248254467319995],[111.94275310901276,-7.248262535972614],[111.9428144936619,-7.247882909366126]]]}}]}', 1315, 'jpg'),
(33, 'sawah kulon khoiri', 69, '{\"type\":\"FeatureCollection\",\"features\":[{\"type\":\"Feature\",\"properties\":{},\"geometry\":{\"type\":\"Polygon\",\"coordinates\":[[[111.942955,-7.247359],[111.942883,-7.247588],[111.943356,-7.247687],[111.943385,-7.247644],[111.943438,-7.24744],[111.942955,-7.247359]]]}}]}', 1509, 'WhatsApp Image 2023-07-14 at 23.17.36.jpg'),
(34, 'sawah kulon asiyah', 27, '{\"type\":\"FeatureCollection\",\"features\":[{\"type\":\"Feature\",\"properties\":{},\"geometry\":{\"type\":\"Polygon\",\"coordinates\":[[[111.943483,-7.246661],[111.943483,-7.246661],[111.943289,-7.246911],[111.943289,-7.246911],[111.943581,-7.24698],[111.943581,-7.24698],[111.94373,-7.246959],[111.94373,-7.246959],[111.943853,-7.246938],[111.943853,-7.246938],[111.944111,-7.246879],[111.944111,-7.246879],[111.944294,-7.246854],[111.944294,-7.246854],[111.944288,-7.246672],[111.944288,-7.246672],[111.943483,-7.246664],[111.943483,-7.246661]]]}}]}', 3025, 'WhatsApp Image 2023-07-14 at 23.12.46.jpg'),
(36, 'sawah etan omah', 32, '{\"type\":\"FeatureCollection\",\"features\":[{\"type\":\"Feature\",\"properties\":{},\"geometry\":{\"type\":\"Polygon\",\"coordinates\":[[[111.949365,-7.250137],[111.949365,-7.250137],[111.949173,-7.250148],[111.949173,-7.250148],[111.949015,-7.250075],[111.949015,-7.250075],[111.949016,-7.24978],[111.949016,-7.24978],[111.949358,-7.249796],[111.949358,-7.249796],[111.949362,-7.250136],[111.949365,-7.250137]]]}}]}', 1742, 'jpg'),
(37, 'sawah lor johan', 39, '{\"type\":\"FeatureCollection\",\"features\":[{\"type\":\"Feature\",\"properties\":{},\"geometry\":{\"type\":\"Polygon\",\"coordinates\":[[[111.946132,-7.246746],[111.946526,-7.246764],[111.946582,-7.24674],[111.9466,-7.246598],[111.946151,-7.246549],[111.946132,-7.246746]]]}}]}', 1016, 'WhatsApp Image 2023-07-14 at 23.09.44.jpg'),
(38, 'sawah kulon nyaeran', 38, '{\"type\":\"FeatureCollection\",\"features\":[{\"type\":\"Feature\",\"properties\":{},\"geometry\":{\"type\":\"Polygon\",\"coordinates\":[[[111.943262,-7.24788],[111.943262,-7.24788],[111.943235,-7.247996],[111.943235,-7.247996],[111.943191,-7.248075],[111.943191,-7.248075],[111.942787,-7.248008],[111.942787,-7.248008],[111.942834,-7.247777],[111.942834,-7.247777],[111.943263,-7.247879],[111.943262,-7.24788]]]}}]}', 1209, NULL),
(39, 'sawah kulon jaenab', 28, '{\"type\":\"FeatureCollection\",\"features\":[{\"type\":\"Feature\",\"properties\":{},\"geometry\":{\"type\":\"Polygon\",\"coordinates\":[[[111.943986,-7.24725],[111.943986,-7.24725],[111.943525,-7.247202],[111.943525,-7.247202],[111.943497,-7.247209],[111.943497,-7.247209],[111.943117,-7.247122],[111.943117,-7.247122],[111.943281,-7.246919],[111.943281,-7.246919],[111.943578,-7.246978],[111.943578,-7.246978],[111.943839,-7.246952],[111.943839,-7.246952],[111.943899,-7.247097],[111.943899,-7.247097],[111.943987,-7.24725],[111.943986,-7.24725]]]}}]}', 2556, NULL),
(40, 'sawah kulon isniatun', 26, '{\"type\":\"FeatureCollection\",\"features\":[{\"type\":\"Feature\",\"properties\":{},\"geometry\":{\"type\":\"Polygon\",\"coordinates\":[[[111.943501,-7.246662],[111.943501,-7.246662],[111.943687,-7.246676],[111.943687,-7.246676],[111.943872,-7.246662],[111.943872,-7.246662],[111.943947,-7.246207],[111.943947,-7.246207],[111.9439,-7.246192],[111.9439,-7.246192],[111.943654,-7.246458],[111.943654,-7.246458],[111.943498,-7.246663],[111.943501,-7.246662]]]}}]}', 1131, NULL),
(41, 'sawah kulon siti maratus sholihah', 25, '{\"type\":\"FeatureCollection\",\"features\":[{\"type\":\"Feature\",\"properties\":{},\"geometry\":{\"type\":\"Polygon\",\"coordinates\":[[[111.943953,-7.246219],[111.943953,-7.246219],[111.943872,-7.246672],[111.943872,-7.246672],[111.94429,-7.246666],[111.94429,-7.246666],[111.944299,-7.246319],[111.944299,-7.246319],[111.943953,-7.246217],[111.943953,-7.246219]]]}}]}', 2381, NULL),
(42, 'sawah kulon lilik setiawan', 29, '{\"type\":\"FeatureCollection\",\"features\":[{\"type\":\"Feature\",\"properties\":{},\"geometry\":{\"type\":\"Polygon\",\"coordinates\":[[[111.943852,-7.246955],[111.943852,-7.246955],[111.944034,-7.247345],[111.944034,-7.247345],[111.944081,-7.247425],[111.944081,-7.247425],[111.944178,-7.247462],[111.944178,-7.247462],[111.944214,-7.247258],[111.944214,-7.247258],[111.944338,-7.247234],[111.944338,-7.247234],[111.944333,-7.246853],[111.944333,-7.246853],[111.944155,-7.246874],[111.944155,-7.246874],[111.943989,-7.246912],[111.943989,-7.246912],[111.943855,-7.246946],[111.943852,-7.246955]]]}}]}', 3207, NULL),
(43, 'sawah kulon tanah wakaf dari sundari dan sekarang muhammadiyah kapas', 30, '{\"type\":\"FeatureCollection\",\"features\":[{\"type\":\"Feature\",\"properties\":{},\"geometry\":{\"type\":\"Polygon\",\"coordinates\":[[[111.943485,-7.24732],[111.943485,-7.24732],[111.943875,-7.247484],[111.943875,-7.247484],[111.944021,-7.24755],[111.944021,-7.24755],[111.944151,-7.247597],[111.944151,-7.247597],[111.944179,-7.247469],[111.944179,-7.247469],[111.944084,-7.24742],[111.944084,-7.24742],[111.944045,-7.24736],[111.944045,-7.24736],[111.944012,-7.247284],[111.944012,-7.247284],[111.943994,-7.24725],[111.943994,-7.24725],[111.94358,-7.247197],[111.94358,-7.247197],[111.943528,-7.247195],[111.943528,-7.247195],[111.943499,-7.247211],[111.943499,-7.247211],[111.943482,-7.247318],[111.943485,-7.24732]]]}}]}', 4483, NULL),
(44, 'sawah kulon sukiman', 54, '{\"type\":\"FeatureCollection\",\"features\":[{\"type\":\"Feature\",\"properties\":{},\"geometry\":{\"type\":\"Polygon\",\"coordinates\":[[[111.943481,-7.247326],[111.943481,-7.247326],[111.943871,-7.247488],[111.943871,-7.247488],[111.943833,-7.247539],[111.943833,-7.247539],[111.943806,-7.247582],[111.943806,-7.247582],[111.94378,-7.247624],[111.94378,-7.247624],[111.943753,-7.247681],[111.943753,-7.247681],[111.943722,-7.247743],[111.943722,-7.247743],[111.943694,-7.247816],[111.943694,-7.247816],[111.94368,-7.247842],[111.94368,-7.247842],[111.94367,-7.247864],[111.94367,-7.247864],[111.943648,-7.247869],[111.943648,-7.247869],[111.943611,-7.247872],[111.943611,-7.247872],[111.943507,-7.247838],[111.943507,-7.247838],[111.943403,-7.2478],[111.943403,-7.2478],[111.943325,-7.247776],[111.943325,-7.247776],[111.943292,-7.247759],[111.943292,-7.247759],[111.943304,-7.247736],[111.943304,-7.247736],[111.943332,-7.247703],[111.943332,-7.247703],[111.943357,-7.247675],[111.943357,-7.247675],[111.943379,-7.24764],[111.943379,-7.24764],[111.9434,-7.247604],[111.9434,-7.247604],[111.943475,-7.247325],[111.943481,-7.247326]]]}}]}', 2232, NULL),
(45, 'sawah kulon suwito', 70, '{\"type\":\"FeatureCollection\",\"features\":[{\"type\":\"Feature\",\"properties\":{},\"geometry\":{\"type\":\"Polygon\",\"coordinates\":[[[111.943872,-7.247499],[111.943872,-7.247499],[111.943817,-7.247571],[111.943817,-7.247571],[111.943768,-7.247647],[111.943768,-7.247647],[111.94373,-7.24774],[111.94373,-7.24774],[111.943688,-7.247837],[111.943688,-7.247837],[111.943668,-7.247869],[111.943668,-7.247869],[111.943994,-7.247942],[111.943994,-7.247942],[111.944142,-7.247596],[111.944142,-7.247596],[111.943876,-7.247492],[111.943872,-7.247499]]]}}]}', 4483, NULL),
(46, 'sawah kulon nyamirin', 23, '{\"type\":\"FeatureCollection\",\"features\":[{\"type\":\"Feature\",\"properties\":{},\"geometry\":{\"type\":\"Polygon\",\"coordinates\":[[[111.944481,-7.245635],[111.944481,-7.245635],[111.94473,-7.245641],[111.94473,-7.245641],[111.944706,-7.245438],[111.944706,-7.245438],[111.944682,-7.245448],[111.944682,-7.245448],[111.944663,-7.245445],[111.944663,-7.245445],[111.944472,-7.245637],[111.944481,-7.245635]]]}}]}', 1800, NULL),
(47, 'sawah kulon muhammad usman', 24, '{\"type\":\"FeatureCollection\",\"features\":[{\"type\":\"Feature\",\"properties\":{},\"geometry\":{\"type\":\"Polygon\",\"coordinates\":[[[111.944789,-7.245968],[111.944789,-7.245968],[111.94486,-7.246339],[111.94486,-7.246339],[111.94478,-7.246356],[111.94478,-7.246356],[111.944721,-7.246327],[111.944721,-7.246327],[111.944681,-7.246298],[111.944681,-7.246298],[111.944624,-7.246292],[111.944624,-7.246292],[111.944544,-7.246291],[111.944544,-7.246291],[111.944469,-7.246294],[111.944469,-7.246294],[111.944408,-7.246288],[111.944408,-7.246288],[111.944344,-7.246294],[111.944344,-7.246294],[111.94428,-7.246304],[111.94428,-7.246304],[111.944127,-7.246281],[111.944127,-7.246281],[111.943993,-7.246229],[111.943993,-7.246229],[111.943951,-7.246203],[111.94395,-7.246203],[111.944046,-7.24611],[111.944046,-7.24611],[111.944095,-7.246056],[111.944095,-7.246056],[111.944108,-7.245993],[111.944108,-7.245993],[111.944148,-7.245967],[111.944148,-7.245967],[111.944796,-7.245959],[111.944789,-7.245968]]]}}]}', 3591, NULL),
(48, 'sawah kulon siti liswati', 71, '{\"type\":\"FeatureCollection\",\"features\":[{\"type\":\"Feature\",\"properties\":{},\"geometry\":{\"type\":\"Polygon\",\"coordinates\":[[[111.944478,-7.245635],[111.944478,-7.245635],[111.944732,-7.245643],[111.944732,-7.245643],[111.944793,-7.24596],[111.944793,-7.24596],[111.944131,-7.245971],[111.944131,-7.245971],[111.944474,-7.245633],[111.944478,-7.245635]]]}}]}', 0, NULL),
(49, 'sawah kulon siti tarwiyah', 33, '{\"type\":\"FeatureCollection\",\"features\":[{\"type\":\"Feature\",\"properties\":{},\"geometry\":{\"type\":\"Polygon\",\"coordinates\":[[[111.942807,-7.247254],[111.942807,-7.247254],[111.942955,-7.247318],[111.942955,-7.247318],[111.942929,-7.247343],[111.942929,-7.247343],[111.942868,-7.247544],[111.942868,-7.247544],[111.942755,-7.247508],[111.942755,-7.247508],[111.942633,-7.24749],[111.942633,-7.24749],[111.942613,-7.247481],[111.942613,-7.247481],[111.942805,-7.247248],[111.942807,-7.247254]]]}}]}', 661, NULL),
(50, 'sawah kulon mat basori', 72, '{\"type\":\"FeatureCollection\",\"features\":[{\"type\":\"Feature\",\"properties\":{},\"geometry\":{\"type\":\"Polygon\",\"coordinates\":[[[111.942609,-7.247496],[111.942609,-7.247496],[111.942869,-7.24756],[111.942869,-7.24756],[111.94281,-7.247873],[111.94281,-7.247873],[111.942526,-7.247816],[111.942526,-7.247816],[111.942602,-7.247495],[111.942609,-7.247496]]]}}]}', 0, NULL),
(51, 'sawah kulon gunawan', 41, '{\"type\":\"FeatureCollection\",\"features\":[{\"type\":\"Feature\",\"properties\":{},\"geometry\":{\"type\":\"Polygon\",\"coordinates\":[[[111.942153,-7.248041],[111.942153,-7.248041],[111.94248,-7.248095],[111.94248,-7.248095],[111.94257,-7.247593],[111.94257,-7.247593],[111.942545,-7.247589],[111.942545,-7.247589],[111.942146,-7.24804],[111.942153,-7.248041]]]}}]}', 996, NULL),
(52, 'sawah kulon ke 2 johan', 39, '{\"type\":\"FeatureCollection\",\"features\":[{\"type\":\"Feature\",\"properties\":{},\"geometry\":{\"type\":\"Polygon\",\"coordinates\":[[[111.942874,-7.247575],[111.942874,-7.247575],[111.943117,-7.247631],[111.943117,-7.247631],[111.943333,-7.24768],[111.943333,-7.24768],[111.943305,-7.247728],[111.943305,-7.247728],[111.943295,-7.247765],[111.943295,-7.247765],[111.943271,-7.247872],[111.943271,-7.247872],[111.94283,-7.247784],[111.94283,-7.247784],[111.942868,-7.247574],[111.942874,-7.247575]]]}}]}', 2130, NULL),
(53, 'sawah kulon yuis yanto', 35, '{\"type\":\"FeatureCollection\",\"features\":[{\"type\":\"Feature\",\"properties\":{},\"geometry\":{\"type\":\"Polygon\",\"coordinates\":[[[111.94329,-7.247768],[111.94329,-7.247768],[111.943274,-7.247875],[111.943274,-7.247875],[111.943603,-7.247971],[111.943603,-7.247971],[111.943613,-7.247875],[111.943613,-7.247875],[111.943291,-7.247762],[111.94329,-7.247768]]]}}]}', 906, NULL),
(54, 'sawah kulon maenten', 36, '{\"type\":\"FeatureCollection\",\"features\":[{\"type\":\"Feature\",\"properties\":{},\"geometry\":{\"type\":\"Polygon\",\"coordinates\":[[[111.943592,-7.247982],[111.943592,-7.247982],[111.943576,-7.248083],[111.943576,-7.248083],[111.943245,-7.247997],[111.943245,-7.247997],[111.943276,-7.247886],[111.943276,-7.247886],[111.943595,-7.247981],[111.943592,-7.247982]]]}}]}', 906, NULL),
(55, 'sawah kulon suhatno', 37, '{\"type\":\"FeatureCollection\",\"features\":[{\"type\":\"Feature\",\"properties\":{},\"geometry\":{\"type\":\"Polygon\",\"coordinates\":[[[111.943549,-7.248293],[111.943549,-7.248293],[111.943156,-7.248255],[111.943156,-7.248255],[111.943157,-7.248192],[111.943157,-7.248192],[111.943168,-7.248136],[111.943168,-7.248136],[111.943187,-7.248102],[111.943187,-7.248102],[111.94321,-7.248085],[111.94321,-7.248085],[111.94323,-7.248054],[111.94323,-7.248054],[111.943249,-7.247998],[111.943249,-7.247998],[111.943572,-7.248083],[111.943572,-7.248083],[111.943552,-7.248293],[111.943549,-7.248293]]]}}]}', 762, NULL),
(56, 'sawah kulon lilik setiawan selatan nyaeran', 29, '{\"type\":\"FeatureCollection\",\"features\":[{\"type\":\"Feature\",\"properties\":{},\"geometry\":{\"type\":\"Polygon\",\"coordinates\":[[[111.942786,-7.248021],[111.942786,-7.248021],[111.942761,-7.248249],[111.942761,-7.248249],[111.943077,-7.2483],[111.943077,-7.2483],[111.943085,-7.248276],[111.943085,-7.248276],[111.943105,-7.248256],[111.943105,-7.248256],[111.943131,-7.248252],[111.943131,-7.248252],[111.943156,-7.248252],[111.943156,-7.248252],[111.94316,-7.248182],[111.94316,-7.248182],[111.943164,-7.248135],[111.943164,-7.248135],[111.943183,-7.248104],[111.943183,-7.248104],[111.943204,-7.248076],[111.943204,-7.248076],[111.942786,-7.248017],[111.942786,-7.248021]]]}}]}', 1188, NULL),
(57, 'sawah kulon panijo', 44, '{\"type\":\"FeatureCollection\",\"features\":[{\"type\":\"Feature\",\"properties\":{},\"geometry\":{\"type\":\"Polygon\",\"coordinates\":[[[111.94314,-7.248981],[111.94314,-7.248981],[111.943106,-7.248934],[111.943106,-7.248934],[111.943089,-7.248905],[111.943089,-7.248905],[111.943072,-7.248881],[111.943072,-7.248881],[111.943043,-7.248869],[111.943043,-7.248869],[111.943002,-7.248886],[111.943002,-7.248886],[111.942999,-7.248762],[111.942999,-7.248762],[111.943015,-7.248679],[111.943015,-7.248679],[111.94303,-7.24858],[111.94303,-7.24858],[111.943045,-7.248484],[111.943045,-7.248484],[111.943058,-7.248407],[111.943058,-7.248407],[111.94346,-7.248449],[111.94346,-7.248449],[111.943462,-7.248546],[111.943462,-7.248546],[111.943454,-7.248617],[111.943454,-7.248617],[111.94344,-7.24868],[111.94344,-7.24868],[111.943387,-7.248717],[111.943387,-7.248717],[111.94332,-7.248764],[111.94332,-7.248764],[111.943267,-7.2488],[111.943267,-7.2488],[111.943249,-7.248853],[111.943249,-7.248853],[111.943243,-7.24889],[111.943243,-7.24889],[111.943266,-7.248901],[111.943266,-7.248901],[111.943139,-7.248979],[111.94314,-7.248981]]]}}]}', 1688, NULL),
(58, 'sawah 2 kulon siti liswati', 43, '{\"type\":\"FeatureCollection\",\"features\":[{\"type\":\"Feature\",\"properties\":{},\"geometry\":{\"type\":\"Polygon\",\"coordinates\":[[[111.943554,-7.248299],[111.943554,-7.248299],[111.943285,-7.248271],[111.943285,-7.248271],[111.943182,-7.248256],[111.943182,-7.248256],[111.943117,-7.248255],[111.943117,-7.248255],[111.943092,-7.248267],[111.943092,-7.248267],[111.943076,-7.248305],[111.943076,-7.248305],[111.94306,-7.248405],[111.94306,-7.248405],[111.943495,-7.248444],[111.943495,-7.248444],[111.943544,-7.248422],[111.943544,-7.248422],[111.943553,-7.248296],[111.943554,-7.248299]]]}}]}', 958, NULL),
(59, 'bengkok kasi pelayanan', 45, '{\"type\":\"FeatureCollection\",\"features\":[{\"type\":\"Feature\",\"properties\":{},\"geometry\":{\"type\":\"Polygon\",\"coordinates\":[[[111.94288,-7.24855],[111.94288,-7.24855],[111.942845,-7.248949],[111.942845,-7.248949],[111.942912,-7.248958],[111.942912,-7.248958],[111.942986,-7.248893],[111.942986,-7.248893],[111.94301,-7.248556],[111.94301,-7.248556],[111.942884,-7.248543],[111.942884,-7.248543],[111.94288,-7.24855]]]}}]}', 232, NULL),
(60, 'bengkok kaur pemerintahan', 46, '{\"type\":\"FeatureCollection\",\"features\":[{\"type\":\"Feature\",\"properties\":{},\"geometry\":{\"type\":\"Polygon\",\"coordinates\":[[[111.942761,-7.248536],[111.942761,-7.248536],[111.942876,-7.248554],[111.942876,-7.248554],[111.942842,-7.248933],[111.942842,-7.248933],[111.942909,-7.248958],[111.942909,-7.248958],[111.942826,-7.249029],[111.942826,-7.249029],[111.942702,-7.248959],[111.942702,-7.248959],[111.942738,-7.248915],[111.942738,-7.248915],[111.942759,-7.248534],[111.942761,-7.248536]]]}}]}', 1220, NULL),
(61, 'chosiah', 42, '{\"type\":\"FeatureCollection\",\"features\":[{\"type\":\"Feature\",\"properties\":{},\"geometry\":{\"type\":\"Polygon\",\"coordinates\":[[[111.943071,-7.24831],[111.943071,-7.24831],[111.943023,-7.248556],[111.943023,-7.248556],[111.9427,-7.248526],[111.9427,-7.248526],[111.942582,-7.248492],[111.942582,-7.248492],[111.942656,-7.248276],[111.942656,-7.248276],[111.942682,-7.248244],[111.942682,-7.248244],[111.942741,-7.248254],[111.942741,-7.248254],[111.943074,-7.24831],[111.943071,-7.24831]]]}}]}', 1227, NULL),
(62, 'tegalan ngaripin', 73, '{\"type\":\"FeatureCollection\",\"features\":[{\"type\":\"Feature\",\"properties\":{},\"geometry\":{\"type\":\"Polygon\",\"coordinates\":[[[111.943621,-7.247884],[111.943621,-7.247884],[111.943903,-7.247955],[111.943903,-7.247955],[111.943835,-7.248273],[111.943835,-7.248273],[111.943566,-7.248236],[111.943566,-7.248236],[111.943619,-7.247892],[111.943621,-7.247884]]]}}]}', 0, NULL),
(63, 'sawah kulon damisih', 47, '{\"type\":\"FeatureCollection\",\"features\":[{\"type\":\"Feature\",\"properties\":{},\"geometry\":{\"type\":\"Polygon\",\"coordinates\":[[[111.942757,-7.248523],[111.942757,-7.248523],[111.942747,-7.248696],[111.942747,-7.248696],[111.942409,-7.248664],[111.942409,-7.248664],[111.942429,-7.248471],[111.942429,-7.248471],[111.942593,-7.248491],[111.942593,-7.248491],[111.942759,-7.24852],[111.942757,-7.248523]]]}}]}', 761, NULL),
(64, 'sawah jumput kidul', 74, '{\"type\":\"FeatureCollection\",\"features\":[{\"type\":\"Feature\",\"properties\":{},\"geometry\":{\"type\":\"Polygon\",\"coordinates\":[[[111.95104,-7.254002],[111.95104,-7.254002],[111.950975,-7.254393],[111.950975,-7.254393],[111.950863,-7.254376],[111.950863,-7.254376],[111.950853,-7.254342],[111.950853,-7.254342],[111.950545,-7.254304],[111.950545,-7.254304],[111.950584,-7.253965],[111.950584,-7.253965],[111.951038,-7.254003],[111.95104,-7.254002]]]}}]}', 1449, NULL),
(65, 'sawah kulon denok', 75, '{\"type\":\"FeatureCollection\",\"features\":[{\"type\":\"Feature\",\"properties\":{},\"geometry\":{\"type\":\"Polygon\",\"coordinates\":[[[111.945603,-7.244961],[111.945603,-7.244961],[111.946038,-7.244985],[111.946038,-7.244985],[111.94604,-7.245241],[111.94604,-7.245241],[111.945579,-7.245222],[111.945579,-7.245222],[111.945595,-7.244953],[111.945603,-7.244961]]]}}]}', 0, NULL),
(66, 'sawah kulon waaejan', 62, '{\"type\":\"FeatureCollection\",\"features\":[{\"type\":\"Feature\",\"properties\":{},\"geometry\":{\"type\":\"Polygon\",\"coordinates\":[[[111.945371,-7.244811],[111.945371,-7.244811],[111.94497,-7.245206],[111.94497,-7.245206],[111.945365,-7.245226],[111.945365,-7.245226],[111.945375,-7.244811],[111.945371,-7.244811]]]}}]}', 2557, NULL),
(67, 'sawah etan yuli astutik', 76, '{\"type\":\"FeatureCollection\",\"features\":[{\"type\":\"Feature\",\"properties\":{},\"geometry\":{\"type\":\"Polygon\",\"coordinates\":[[[111.949391,-7.250151],[111.949391,-7.250151],[111.949187,-7.250155],[111.949187,-7.250155],[111.94921,-7.250543],[111.94921,-7.250543],[111.949306,-7.250537],[111.949306,-7.250537],[111.949313,-7.250588],[111.949313,-7.250588],[111.949384,-7.25058],[111.949384,-7.25058],[111.949391,-7.250158],[111.949391,-7.250151]]]}}]}', 1225, NULL),
(68, 'sawah etan saudah', 77, '{\"type\":\"FeatureCollection\",\"features\":[{\"type\":\"Feature\",\"properties\":{},\"geometry\":{\"type\":\"Polygon\",\"coordinates\":[[[111.949465,-7.249418],[111.949465,-7.249418],[111.949469,-7.249799],[111.949469,-7.249799],[111.949302,-7.249787],[111.949302,-7.249787],[111.949034,-7.249782],[111.949034,-7.249782],[111.94905,-7.249529],[111.94905,-7.249529],[111.949074,-7.249487],[111.949074,-7.249487],[111.949115,-7.249457],[111.949115,-7.249457],[111.94917,-7.249424],[111.94917,-7.249424],[111.949235,-7.249406],[111.949235,-7.249406],[111.949469,-7.249411],[111.949465,-7.249418]]]}}]}', 3915, NULL),
(69, 'sawah etan mahsun', 78, '{\"type\":\"FeatureCollection\",\"features\":[{\"type\":\"Feature\",\"properties\":{},\"geometry\":{\"type\":\"Polygon\",\"coordinates\":[[[111.949467,-7.249809],[111.949467,-7.249809],[111.949633,-7.249813],[111.949633,-7.249813],[111.949644,-7.249777],[111.949644,-7.249777],[111.949658,-7.249759],[111.949658,-7.249759],[111.949696,-7.249739],[111.949696,-7.249739],[111.949722,-7.249724],[111.949722,-7.249724],[111.949759,-7.249696],[111.949759,-7.249696],[111.949767,-7.249654],[111.949767,-7.249654],[111.949754,-7.249395],[111.949754,-7.249395],[111.94947,-7.249384],[111.94947,-7.249384],[111.949464,-7.249813],[111.949467,-7.249809]]]}}]}', 3915, NULL),
(70, 'sawah etan rusman', 79, '{\"type\":\"FeatureCollection\",\"features\":[{\"type\":\"Feature\",\"properties\":{},\"geometry\":{\"type\":\"Polygon\",\"coordinates\":[[[111.949371,-7.250137],[111.949371,-7.250137],[111.949636,-7.250144],[111.949636,-7.250144],[111.949628,-7.249819],[111.949628,-7.249819],[111.949361,-7.249811],[111.949361,-7.249811],[111.949365,-7.250141],[111.949371,-7.250137]]]}}]}', 0, NULL),
(71, 'sawah etan siti khotijah', 80, '{\"type\":\"FeatureCollection\",\"features\":[{\"type\":\"Feature\",\"properties\":{},\"geometry\":{\"type\":\"Polygon\",\"coordinates\":[[[111.949397,-7.250145],[111.949397,-7.250145],[111.949623,-7.250153],[111.949623,-7.250153],[111.949597,-7.250594],[111.949597,-7.250594],[111.949391,-7.250587],[111.949391,-7.250587],[111.949396,-7.250143],[111.949397,-7.250145]]]}}]}', 0, NULL),
(72, 'sawah etan imam subakir', 81, '{\"type\":\"FeatureCollection\",\"features\":[{\"type\":\"Feature\",\"properties\":{},\"geometry\":{\"type\":\"Polygon\",\"coordinates\":[[[111.949632,-7.250155],[111.949632,-7.250155],[111.949824,-7.250176],[111.949824,-7.250176],[111.94981,-7.250618],[111.94981,-7.250618],[111.949612,-7.250622],[111.949612,-7.250622],[111.949628,-7.250156],[111.949632,-7.250155]]]}}]}', 0, NULL),
(73, 'sawah lor sunhaji', 32, '{\"type\":\"FeatureCollection\",\"features\":[{\"type\":\"Feature\",\"properties\":{},\"geometry\":{\"type\":\"Polygon\",\"coordinates\":[[[111.947999,-7.247284],[111.947999,-7.247284],[111.948286,-7.247307],[111.948286,-7.247307],[111.948241,-7.247754],[111.948241,-7.247754],[111.948213,-7.247757],[111.948213,-7.247757],[111.948192,-7.247767],[111.948192,-7.247767],[111.947957,-7.247753],[111.947957,-7.247753],[111.947996,-7.247286],[111.947999,-7.247284]]]}}]}', 1760, NULL),
(74, 'sawah lor fatmawati', 82, '{\"type\":\"FeatureCollection\",\"features\":[{\"type\":\"Feature\",\"properties\":{},\"geometry\":{\"type\":\"Polygon\",\"coordinates\":[[[111.948291,-7.247306],[111.948291,-7.247306],[111.948595,-7.247334],[111.948595,-7.247334],[111.948546,-7.247786],[111.948546,-7.247786],[111.94824,-7.247766],[111.94824,-7.247766],[111.94829,-7.247307],[111.948291,-7.247306]]]}}]}', 1912, NULL),
(75, 'SAWAH LOR SITI INDRAWATI', 83, '{\"type\":\"FeatureCollection\",\"features\":[{\"type\":\"Feature\",\"properties\":{},\"geometry\":{\"type\":\"Polygon\",\"coordinates\":[[[111.947843,-7.247274],[111.947843,-7.247274],[111.947984,-7.247285],[111.947984,-7.247285],[111.947938,-7.247756],[111.947938,-7.247756],[111.947797,-7.247749],[111.947797,-7.247749],[111.947846,-7.247275],[111.947843,-7.247274]]]}}]}', 869, NULL),
(76, 'sawah lor tamisah', 84, '{\"type\":\"FeatureCollection\",\"features\":[{\"type\":\"Feature\",\"properties\":{},\"geometry\":{\"type\":\"Polygon\",\"coordinates\":[[[111.94783,-7.247283],[111.94783,-7.247283],[111.947789,-7.247768],[111.947789,-7.247768],[111.947629,-7.247762],[111.947629,-7.247762],[111.947662,-7.247281],[111.947662,-7.247281],[111.947671,-7.247254],[111.947671,-7.247254],[111.947832,-7.247274],[111.94783,-7.247283]]]}}]}', 978, NULL),
(77, 'sawah ramijah', 85, '{\"type\":\"FeatureCollection\",\"features\":[{\"type\":\"Feature\",\"properties\":{},\"geometry\":{\"type\":\"Polygon\",\"coordinates\":[[[111.947425,-7.247055],[111.947425,-7.247055],[111.947422,-7.247481],[111.947422,-7.24754],[111.947419,-7.247598],[111.947421,-7.247736],[111.947638,-7.247745],[111.947641,-7.247677],[111.947642,-7.247572],[111.947665,-7.247268],[111.947665,-7.247268],[111.947645,-7.247256],[111.947645,-7.247256],[111.947614,-7.24725],[111.947614,-7.24725],[111.947592,-7.247221],[111.947592,-7.247221],[111.947579,-7.247181],[111.947579,-7.247181],[111.947571,-7.247144],[111.947571,-7.247144],[111.947565,-7.247109],[111.947565,-7.247109],[111.947548,-7.247079],[111.947548,-7.247079],[111.947517,-7.24706],[111.947517,-7.24706],[111.94748,-7.247055],[111.94748,-7.247055],[111.947423,-7.247053],[111.947425,-7.247055]]]}}]}', 1747, NULL);

-- --------------------------------------------------------

--
-- Table structure for table `tbl_pemiliklahan`
--

CREATE TABLE `tbl_pemiliklahan` (
  `id_pemiliklahan` int(11) NOT NULL,
  `nama_pemilik` varchar(255) NOT NULL,
  `alamat` varchar(255) NOT NULL,
  `tanggal_lahir` date NOT NULL,
  `keterangan` varchar(255) DEFAULT NULL
) ENGINE=InnoDB DEFAULT CHARSET=utf8mb4;

--
-- Dumping data for table `tbl_pemiliklahan`
--

INSERT INTO `tbl_pemiliklahan` (`id_pemiliklahan`, `nama_pemilik`, `alamat`, `tanggal_lahir`, `keterangan`) VALUES
(10, 'TES', 'TES', '2023-07-06', ''),
(11, 'NINIK MUSLIKAH', 'Rayung, Senori, Tuban', '1982-06-17', ''),
(12, 'UMAIYAH', 'Jatitegah, Sugihwaras', '1969-01-13', ''),
(13, 'KUSAIRI', 'JUMPUT, SUKOSEWU', '1970-04-13', ''),
(14, 'USWATUN KHASANAH', 'JUMPUT, SUKOSEWU', '1996-06-16', ''),
(15, 'MOCH. AMIN TOHARI', 'Duyungan, Sukosewu', '1981-05-01', ''),
(16, 'SITI ASIYATI', 'JUMPUT, SUKOSEWU', '1976-11-30', ''),
(17, 'RUSMIATUN', 'Tugu sari, Bangsal sari', '1978-05-07', ''),
(18, 'AHMAD DEBY ARDIYANTO', 'JUMPUT, SUKOSEWU', '1992-12-07', ''),
(19, 'SUKINAH', 'Duyungan, Sukosewu', '1982-06-13', ''),
(20, 'WARKAMNI', 'Semenkidul, Sukosewu', '1977-02-06', ''),
(21, 'SUPARMI', 'JUMPUT, SUKOSEWU', '1964-03-21', ''),
(22, 'Dra. SRI MONAH', 'Duyungan, Sukosewu', '1965-03-10', ''),
(23, 'NYAMIRIN', 'JUMPUT, SUKOSEWU', '1955-07-08', ''),
(24, 'MUHAMMAD USMAN', 'Sanggata Utara, Sanggata Utara, Kutai Timur', '1984-04-13', ''),
(25, 'SITI MAR\'ATUS SHOLIKAH', 'Sidobandung, Balen', '1990-06-09', ''),
(26, 'ISNIATUN', 'Duyungan, Sukosewu', '1994-08-04', ''),
(27, 'ASIYAH', 'Jumput, Sukosewu', '1963-07-04', ''),
(28, 'JAENAB', 'Jumput, Sukosewu', '1984-01-10', ''),
(29, 'LILIK SETIAWAN', 'Bendo, Pare, Kediri', '1975-08-08', ''),
(30, 'WAKAF H. A. KUSNAN SUDIBYO/WAKAF MUHAMMADIYAH KAPAS', 'Plesungan, Kapas', '1949-12-31', 'dulu milik sundari dan sekarang diwakafkan'),
(31, 'SUKIMAN', 'Jumput, Sukosewu', '1953-10-01', ''),
(32, 'SUNHAJI', 'Jumput, Sukosewu', '1972-04-12', ''),
(33, 'SITI TARWIYAH', 'Jumput, Sukosewu', '1977-04-11', ''),
(34, 'LILIK SETIAWAN', 'Bendo, Pare, Kediri', '1975-08-08', ''),
(35, 'YUIS YANTO', 'Jumput, Sukosewu', '1978-07-09', ''),
(36, 'MAENTEN', 'Jumput, Sukosewu', '1961-01-12', ''),
(37, 'SUHATNO', 'Jumput, Sukosewu', '1976-08-09', ''),
(38, 'NYAERAN', 'Jumput, Sukosewu', '1944-04-12', ''),
(39, 'JOHAN AGUSTONO', 'Jumput, Sukosewu', '1985-02-16', ''),
(40, 'JOHAN AGUSTONO', 'Jumput, Sukosewu', '1985-02-16', ''),
(41, 'GUNAWAN', 'Jumput, Sukosewu', '1967-05-25', ''),
(42, 'CHOSI\'AH', 'Jumput, Sukosewu', '1947-02-12', ''),
(43, 'SITI LISWATI', 'Jumput, Sukosewu', '1976-10-31', ''),
(44, 'PANIJO', 'Jumput, Sukosewu', '1965-09-11', ''),
(45, 'BENGKOK KASI PELAYANAN', 'Jumput, Sukosewu', '1979-04-06', ''),
(46, 'BENGKOK KAUR PEMERINTAHAN', 'Jumput, Sukosewu', '1962-08-05', ''),
(47, 'DAMISIH', 'Jumput, Sukosewu', '1964-06-04', ''),
(48, 'AGUS NAROWI', 'Jumput, Sukosewu', '1975-10-01', ''),
(49, 'DEWI LISWATI', 'Jumput, Sukosewu', '1983-07-05', ''),
(50, 'M. SUBQI', 'Jumput, Sukosewu', '1970-05-10', ''),
(51, 'MANDAR', 'Jumput, Sukosewu', '1946-06-03', ''),
(52, 'ABDUR ROHIM', 'Jumput, Sukosewu', '1978-01-08', ''),
(53, 'SARMINAH', 'Jumput, Sukosewu', '1943-07-01', ''),
(54, 'SUKIMAN', 'Jumput, Sukosewu', '1953-10-01', ''),
(55, 'HARTIS YUANA', 'Tegalkodo, Sukosewu', '1980-04-28', ''),
(56, 'MUKTI ALI', 'Sumuragung, Sumberejo', '1974-07-02', ''),
(57, 'M. BISRON', 'Tegalkodo, Sukosewu', '1972-07-25', ''),
(58, 'YULI ASTUTIK', 'Tegalkodo, Sukosewu', '1972-12-06', ''),
(59, 'MUNTINAM', 'Jumput, Sukosewu', '1967-04-25', ''),
(60, 'JAEMAN', 'Jumput, Sukosewu', '1948-02-21', ''),
(61, 'SAMSI', 'Tegalkodo, Sukosewu', '1970-10-10', ''),
(62, 'WAEJAN', 'MAYANGKAWIS, BALEN', '1958-10-01', ''),
(63, 'LAMINTEN', 'Jumput, Sukosewu', '1954-04-11', ''),
(64, 'DJAMIAH', 'Jumput, Sukosewu', '1957-10-01', ''),
(69, 'M. Khoiri', 'Jumput, Sukosewu', '1982-11-18', '1 sawah'),
(70, 'SUWITO', 'MAYANGKAWIS, BALEN', '1960-12-30', NULL),
(71, 'SITI LISWATI', 'Jumput, Sukosewu', '1976-10-31', NULL),
(72, 'MAT BASORI', 'Jumput, Sukosewu', '2023-07-15', 'tanggal lahir belum ditemukan di data'),
(73, 'ngaripin', 'Jumput, Sukosewu', '2023-07-16', 'berupa tegalan dan belum terdata'),
(74, 'UMMI MUYASAROH', 'Jumput, Sukosewu', '1968-12-08', NULL),
(75, 'Denok', 'Jumput, Sukosewu', '1961-10-11', 'TS'),
(76, 'BAESAH', 'Jumput, Sukosewu', '1934-01-01', 'sekarang beralih ke siti yuli astutik'),
(77, 'SITI SAUDAH', 'Jumput, Sukosewu', '1970-09-01', 'Kemungkinan luas sawah etan gabung dengan mahsun'),
(78, 'M. MAHSUN YS, S.E', 'Jumput, Sukosewu', '1963-07-27', 'mungkin gabung dengan saudah yang sawah etan'),
(79, 'RUSMAN', 'Jumput, Sukosewu', '2023-07-16', 'orangnya sudah meninggal'),
(80, 'SITI KHOTIJAH', 'Jumput, Sukosewu', '2023-07-16', 'TS'),
(81, 'IMAM SUBAKIR', 'Jumput, Sukosewu', '1951-05-04', NULL),
(82, 'SITI FATMAWATI', 'Jumput, Sukosewu', '1995-08-22', NULL),
(83, 'SITI INDRAWATI', 'Jumput, Sukosewu', '1985-04-16', NULL),
(84, 'TAMISAH', 'Jumput, Sukosewu', '1952-07-04', NULL),
(85, 'Hj. RAMIJAH', 'Jumput, Sukosewu', '1965-07-01', NULL),
(86, 'tessss', 'Jumput, Sukosewu', '2023-07-10', NULL);

-- --------------------------------------------------------

--
-- Table structure for table `tbl_prediksiluas`
--

CREATE TABLE `tbl_prediksiluas` (
  `id_prediksiluas` int(11) NOT NULL,
  `prediksi` varchar(255) DEFAULT NULL,
  `id_pemiliklahan` int(11) NOT NULL,
  `id_datalahan` int(11) NOT NULL,
  `utm` longtext DEFAULT NULL,
  `shoelace` float DEFAULT NULL
) ENGINE=InnoDB DEFAULT CHARSET=utf8mb4;

--
-- Dumping data for table `tbl_prediksiluas`
--

INSERT INTO `tbl_prediksiluas` (`id_prediksiluas`, `prediksi`, `id_pemiliklahan`, `id_datalahan`, `utm`, `shoelace`) VALUES
(24, 'prediksi sawah kulon asiyah', 27, 34, '[[604157.5746713034,9198875.28882229],[604157.5746713034,9198875.28882229],[604136.0983830255,9198847.692733672],[604136.0983830255,9198847.692733672],[604168.3212425772,9198839.996963596],[604168.3212425772,9198839.996963596],[604184.7766400967,9198842.284591252],[604184.7766400967,9198842.284591252],[604198.3614696176,9198844.57817951],[604198.3614696176,9198844.57817951],[604226.8599197716,9198851.042151101],[604226.8599197716,9198851.042151101],[604247.07006922,9198853.764204979],[604247.07006922,9198853.764204979],[604246.4494670241,9198873.887929004],[604246.4494670241,9198873.887929004],[604157.5739822756,9198874.95713533],[604157.5746713034,9198875.28882229]]', 2873.09),
(25, 'prediksi sawah etan sunhaji', 32, 36, '[[604805.6308213874,9198489.400308814],[604805.6308213874,9198489.400308814],[604788.6259957049,9198488.330237873],[604788.6259957049,9198488.330237873],[604768.8809011293,9198496.774307229],[604768.8809011293,9198496.774307229],[604768.5053802045,9198528.396107338],[604768.5053802045,9198528.396107338],[604804.1614372231,9198525.889171813],[604804.1614372231,9198525.889171813],[604804.8593671271,9198490.065300146],[604805.6308213874,9198489.400308814]]', 1297.11),
(45, 'sawah kulon ratan sunhaji', 32, 27, '[[604160.6836365176,9198813.057499046],[604157.7815430078,9198801.754928691],[604153.5672161585,9198788.63531285],[604099.2866320813,9198798.496839542],[604100.4709878946,9198801.74397697],[604111.3532891854,9198812.380058529],[604115.5578881166,9198820.82028151],[604117.7890091578,9198824.065246388],[604160.6836365176,9198813.057499046]]', 1341.04),
(46, 'sawah kulon johan', 39, 30, '[[604083.4866975533,9198740.344980067],[604052.7462839881,9198746.609754719],[604050.3736116514,9198737.174491687],[604046.6272543638,9198716.432640444],[604047.0589010227,9198708.069712857],[604067.4899264753,9198702.283533316],[604067.4895830686,9198699.297711834],[604076.6223061586,9198698.38665873],[604083.4866975533,9198740.344980067]]', 1302.91),
(47, 'sawah kulon khoiri', 32, 27, '[[604160.6836365176,9198813.057499046],[604157.7815430078,9198801.754928691],[604153.5672161585,9198788.63531285],[604099.2866320813,9198798.496839542],[604100.4709878946,9198801.74397697],[604111.3532891854,9198812.380058529],[604115.5578881166,9198820.82028151],[604117.7890091578,9198824.065246388],[604160.6836365176,9198813.057499046]]', 1341.04),
(51, 'sawah lor johan', 39, 37, '[[604450.022290168,9198865.282610305],[604493.5183702195,9198863.201848254],[604499.7066742362,9198865.842460489],[604501.7267162612,9198881.53818154],[604452.1653908436,9198887.05903342],[604450.022290168,9198865.282610305]]', 998.768),
(56, 'sawah kulon etan dalan', 32, 28, '[[604366.573876705,9199033.733043665],[604388.654358777,9199033.2448358],[604390.150176439,9199062.31975329],[604368.2904956038,9199062.807500625],[604366.573876705,9199033.733043665]]', 639.555);

-- --------------------------------------------------------

--
-- Table structure for table `tbl_rawanbanjir`
--

CREATE TABLE `tbl_rawanbanjir` (
  `id_rawanbanjir` int(20) NOT NULL,
  `wilayah_banjir` varchar(225) DEFAULT NULL,
  `warna` varchar(225) DEFAULT NULL,
  `geojson` longtext DEFAULT NULL,
  `keterangan` varchar(225) DEFAULT NULL
) ENGINE=InnoDB DEFAULT CHARSET=utf8mb4;

--
-- Dumping data for table `tbl_rawanbanjir`
--

INSERT INTO `tbl_rawanbanjir` (`id_rawanbanjir`, `wilayah_banjir`, `warna`, `geojson`, `keterangan`) VALUES
(9, 'wilayah banjir 1', '#1BAEBC', '{\"type\":\"FeatureCollection\",\"features\":[{\"type\":\"Feature\",\"properties\":{},\"geometry\":{\"type\":\"Polygon\",\"coordinates\":[[[111.94041518123271,-7.250881498235216],[111.94013435854805,-7.250643294694967],[111.94021575642739,-7.250594846502537],[111.94011400907641,-7.250510062151946],[111.93996342300073,-7.25023955959341],[111.9399064444849,-7.250017505133371],[111.94056983720276,-7.249492648700695],[111.94122102023658,-7.24953705964316],[111.9412576492831,-7.249282705946328],[111.94118439119006,-7.249250407053523],[111.94120474066159,-7.249153510362547],[111.94135532673738,-7.248741699192465],[111.94146114398268,-7.248656914493068],[111.94172568706966,-7.2486528770855045],[111.94185999356915,-7.248265289681598],[111.94202488540549,-7.248277010181809],[111.94202488540549,-7.24820837487961],[111.94202081551111,-7.2481195527088715],[111.94202906548765,-7.248038149355139],[111.94542742695216,-7.244634631427701],[111.9453623086477,-7.245187755306077],[111.94529719034324,-7.245199867501199],[111.94532567960118,-7.245688392393134],[111.94572045931739,-7.2457610654725215],[111.94571638942307,-7.246031570720177],[111.94612744871648,-7.246071944623637],[111.94607047018707,-7.2465887302546435],[111.9463594326603,-7.246621029338229],[111.94637571223535,-7.246778487336073],[111.94651815852478,-7.246806749022099],[111.94657106714624,-7.247081291022354],[111.94718969101217,-7.247073216228998],[111.94741353518333,-7.247097440515276],[111.94772691702013,-7.247186262888675],[111.94784087404935,-7.247210487168843],[111.94825193334287,-7.247230674068788],[111.94867113242265,-7.247303346899528],[111.94901707341171,-7.247384094474853],[111.94889530549983,-7.248968212380561],[111.94848424620625,-7.249024735476212],[111.94698615982128,-7.2495870577809],[111.94585067483456,-7.249837358571426],[111.94335940328091,-7.249978665881599],[111.94041518123271,-7.250881498235216]]]}}]}', 'sangat rawan');

-- --------------------------------------------------------

--
-- Table structure for table `tbl_wilayahdesa`
--

CREATE TABLE `tbl_wilayahdesa` (
  `id_wilayahdesa` int(20) NOT NULL,
  `wilayah_desa` varchar(255) DEFAULT NULL,
  `warna` varchar(20) DEFAULT NULL,
  `geojson` longtext DEFAULT NULL
) ENGINE=InnoDB DEFAULT CHARSET=utf8mb4;

--
-- Dumping data for table `tbl_wilayahdesa`
--

INSERT INTO `tbl_wilayahdesa` (`id_wilayahdesa`, `wilayah_desa`, `warna`, `geojson`) VALUES
(15, 'wilayah desa', '#DE2525', '{\r\n  \"type\": \"FeatureCollection\",\r\n  \"features\": [\r\n    {\r\n      \"type\": \"Feature\",\r\n      \"properties\": {},\r\n      \"geometry\": {\r\n \"coordinates\":[[[111.94657202029668,-7.247074504490627],[111.94652855095876,-7.246804683404861],[111.94636957737998,-7.246770185720138],[111.94636957737998,-7.246618642289221],[111.94607025995276,-7.246581680451982],[111.9461328504608,-7.246075560238296],[111.94571306085464,-7.246031205999188],[111.94572548071727,-7.245762616316355],[111.94532804677101,-7.245683764280059],[111.94529823923983,-7.245214347947851],[111.94537027414287,-7.245186010463968],[111.94542492133871,-7.244635277259036],[111.94462632750532,-7.244668543023806],[111.94389590652827,-7.245238125212467],[111.94371869707072,-7.245091066314828],[111.94340858052146,-7.245077543654986],[111.9431632135807,-7.24520938957005],[111.94308994428695,-7.245293906162033],[111.94303712234705,-7.245562668845736],[111.94296214911515,-7.245564359176527],[111.94288717588313,-7.245533933222987],[111.9428156105256,-7.245268551213286],[111.942638401068,-7.245216150924847],[111.94252082941028,-7.245009930377904],[111.94243052074427,-7.244928794399115],[111.94214766718852,-7.244871323071962],[111.94198579319942,-7.244911891087142],[111.94186310972918,-7.244991336736035],[111.94184095857133,-7.245395326103321],[111.94190911605449,-7.245402087429042],[111.94194830660763,-7.245424061734894],[111.94196023416725,-7.245486603983892],[111.9419840892865,-7.2455491462252155],[111.94198579322466,-7.245784102133996],[111.94215277905892,-7.245797624772663],[111.94265544049796,-7.245964967390805],[111.9424156791174,-7.246694973105775],[111.94248207459543,-7.246737053600526],[111.94203021658831,-7.248050694929049],[111.94201361775077,-7.2482007205868655],[111.94202099502456,-7.248273903808155],[111.9418513176957,-7.248266585486974],[111.94173143697338,-7.248648967632249],[111.94147138804851,-7.2486562859629515],[111.94135519596404,-7.248725809952816],[111.94120765046057,-7.2491392945167235],[111.94118551863528,-7.2492435803866755],[111.94125006979334,-7.249280171914037],[111.9412150277343,-7.24953265337281],[111.9405676719013,-7.249490573163001],[111.93990925014651,-7.250017490593322],[111.93996089112784,-7.250238868929387],[111.94012872413873,-7.250522452563601],[111.94021171848414,-7.250586487553079],[111.94018589802096,-7.250601124119868],[111.94013286027649,-7.25065378946563],[111.94041783345574,-7.250881352529234],[111.94059756757622,-7.250846162372071],[111.94070162417148,-7.250894255586516],[111.94097713765933,-7.250930618744434],[111.94107055210384,-7.250955251849987],[111.94119589304131,-7.2509423487907725],[111.94128694256301,-7.2509423487907725],[111.94161921419351,-7.251037362188399],[111.94171499356088,-7.251032670168897],[111.94176702185774,-7.250979884950496],[111.94185925386631,-7.251003345044751],[111.94202834583473,-7.25106199528382],[111.94244220729689,-7.251178122736576],[111.94272718050405,-7.251296596144499],[111.94283123710068,-7.251345862314253],[111.94294357092508,-7.251463162696865],[111.94302752567967,-7.25148193075546],[111.94319188780241,-7.25155465697479],[111.94338226407507,-7.251581636051796],[111.94362821602948,-7.251559348987499],[111.94376183420798,-7.251519466860131],[111.94395694032494,-7.251540580923475],[111.94425965042336,-7.251605096110268],[111.94460847651231,-7.25164263221339],[111.94503298012893,-7.251766970520549],[111.94530258130897,-7.2518021606058625],[111.94564667760125,-7.251839696686233],[111.94597776677097,-7.251827966658183],[111.9461823326435,-7.251755240444851],[111.9467404543878,-7.251924152832771],[111.94689785122375,-7.252111576336375],[111.9472041087044,-7.252185475455207],[111.94730107053255,-7.252225357514035],[111.94745571389836,-7.252276397585504],[111.94749059264944,-7.252285966556698],[111.94764076523654,-7.252312945591214],[111.94778502551867,-7.252344616630069],[111.94803807224025,-7.252464262753477],[111.94860565371988,-7.252554583809783],[111.9487238998521,-7.252649596865837],[111.9488056880661,-7.252828483130173],[111.94888846039123,-7.25351703363927],[111.9490658295889,-7.253683599370163],[111.94901498380165,-7.254171566204633],[111.94985689627464,-7.254284173842663],[111.95108310869682,-7.254322882675908],[111.95112922468871,-7.25438153248389],[111.95113286582296,-7.254432952836069],[111.95117645171956,-7.254530734962472],[111.95133671366665,-7.254593927464981],[111.95152111553654,-7.254613882995699],[111.9518074413482,-7.254630512603271],[111.95196099778434,-7.25465113330138],[111.95211857756345,-7.254673084382105],[111.95235327085231,-7.254692374724613],[111.9525282938061,-7.2547349640011305],[111.95255578644884,-7.254799486860307],[111.9528034802363,-7.254848229904383],[111.9531300391834,-7.254898783885196],[111.95354676666557,-7.254975067029633],[111.9540259872602,-7.255037139448959],[111.95404461739088,-7.254728161070986],[111.95421600908537,-7.253889451083225],[111.95467027884638,-7.253931139665184],[111.95470029666006,-7.253720711410367],[111.95489841432368,-7.25370681520252],[111.95493243451023,-7.253303824977252],[111.9551525652285,-7.253283973229443],[111.9551525652285,-7.253077515039479],[111.95509753254572,-7.253076522451153],[111.95506851529689,-7.253029870818935],[111.955069515893,-7.252875027097616],[111.95508852718149,-7.25265566506782],[111.9555467993352,-7.252648716936747],[111.95562649552676,-7.252411541179072],[111.95589665597885,-7.252385733860677],[111.95600171835315,-7.251714743053427],[111.95618082470634,-7.251688935691675],[111.95626687579244,-7.251246239989243],[111.95616381457302,-7.251166832633402],[111.95616181336385,-7.250972284567865],[111.95583862139341,-7.250779721597425],[111.95546381161375,-7.2506946760265265],[111.95543979733856,-7.250431712373853],[111.9550404839569,-7.25038925774146],[111.95484727351288,-7.250299216597625],[111.954764224163,-7.25005228419586],[111.95476432338012,-7.249861607580527],[111.95483956151259,-7.249683260987936],[111.95487558290449,-7.249618742297542],[111.95495520228934,-7.249569739052873],[111.95504525577257,-7.249463531331017],[111.95504525577257,-7.249366256947198],[111.95509428489277,-7.249314641959771],[111.95522836820089,-7.249308041248952],[111.95536959409861,-7.249352394928522],[111.95544402539758,-7.249500732744494],[111.9554312848881,-7.24979075630641],[111.95543262597533,-7.25001435064685],[111.95542323824378,-7.250091512811991],[111.95566866036273,-7.250113464105809],[111.95601533584835,-7.250159362298746],[111.95622991256869,-7.250189295888902],[111.95632244877567,-7.250209251605511],[111.95666711263397,-7.250283087783714],[111.95675160220037,-7.250032310789052],[111.95681805810034,-7.249781042065507],[111.95681202312693,-7.2496604131552544],[111.95667744257025,-7.2492477243701074],[111.95658691799673,-7.248980316999464],[111.95657753024608,-7.248837965738488],[111.95656881306644,-7.248782754726463],[111.95661038729776,-7.2484987172199595],[111.95663725563139,-7.248395038798591],[111.95661970583166,-7.248300237787603],[111.95656128191979,-7.248241956171],[111.95633262360138,-7.248155480974816],[111.95615552135217,-7.248130203584537],[111.95614412195118,-7.248001155947932],[111.9561803317468,-7.2479239934033615],[111.95645324650786,-7.24745503122719],[111.956609485135,-7.247090504237718],[111.95668525752251,-7.246735015771165],[111.95644116916912,-7.246652560471958],[111.95634125686189,-7.2469051967940175],[111.9563238225042,-7.246943112948387],[111.95631000703958,-7.246972127809059],[111.95622283520026,-7.247236875581891],[111.95621277691527,-7.24726880495237],[111.95613029897959,-7.247409161104798],[111.95601460320233,-7.2475129416222615],[111.95593067017421,-7.247604671419438],[111.95587305512805,-7.247666059811394],[111.95577560745096,-7.247740854841837],[111.95558231596596,-7.247814129506992],[111.95547098649098,-7.248426036963011],[111.95532303670996,-7.248732978259795],[111.95529102834814,-7.2488677501149965],[111.9552383923808,-7.248941133733666],[111.9550605681444,-7.24897570867509],[111.95492186523182,-7.2491478778615885],[111.954779605861,-7.249118947795623],[111.95477282491538,-7.249082988476928],[111.95443495890993,-7.249035006896904],[111.95441110699909,-7.248814361724627],[111.95409600245307,-7.2487013866678325],[111.95410098150523,-7.248535567806613],[111.95360805273867,-7.248409263186986],[111.95367989371312,-7.248136896685551],[111.95334060511647,-7.248089620624327],[111.95328085615336,-7.2479350913423275],[111.95321022578042,-7.247821938412045],[111.95312496194504,-7.2477852464940895],[111.9529720331131,-7.2477781903512835],[111.95277998296257,-7.247780307191519],[111.9520430404499,-7.247613782379304],[111.95168099031991,-7.247559450105328],[111.95092914951914,-7.2475474546666305],[111.9502619530503,-7.2475113032783725],[111.9495506561691,-7.247437919416555],[111.9491537525264,-7.247396993799839],[111.9486643802482,-7.24729538536134],[111.94825040545913,-7.247230468834374],[111.9478293176781,-7.247207183554963],[111.94762671865715,-7.247165552289445],[111.94743466850827,-7.247098518912594],[111.94723408276673,-7.24707523361883],[111.94657202029668,-7.247074504490627]]],\"type\":\"Polygon\"}}]}');

-- --------------------------------------------------------

--
-- Table structure for table `users`
--

CREATE TABLE `users` (
  `id` bigint(20) UNSIGNED NOT NULL,
  `name` varchar(255) COLLATE utf8mb4_unicode_ci NOT NULL,
  `email` varchar(255) COLLATE utf8mb4_unicode_ci NOT NULL,
  `email_verified_at` timestamp NULL DEFAULT NULL,
  `password` varchar(255) COLLATE utf8mb4_unicode_ci NOT NULL,
  `remember_token` varchar(100) COLLATE utf8mb4_unicode_ci DEFAULT NULL,
  `created_at` timestamp NULL DEFAULT NULL,
  `updated_at` timestamp NULL DEFAULT NULL,
  `foto` varchar(255) COLLATE utf8mb4_unicode_ci DEFAULT NULL
) ENGINE=InnoDB DEFAULT CHARSET=utf8mb4 COLLATE=utf8mb4_unicode_ci;

--
-- Dumping data for table `users`
--

INSERT INTO `users` (`id`, `name`, `email`, `email_verified_at`, `password`, `remember_token`, `created_at`, `updated_at`, `foto`) VALUES
(1, 'aji', 'ajiardiansyah18@gmail.com', NULL, '$2y$10$AcSV2Ec2NMGci3XES.u/FesUpYTZKhTWhW0jd82rHCsOLAU5r/8p2', NULL, '2023-05-18 06:50:59', '2023-05-18 06:50:59', 'png'),
(4, 'admin', 'adminadmin1@gmail.com', NULL, '$2y$10$L.a1PXVkUBkBSV/0pZUOz.gV9cedbHnldtHpsTTWQANEZsKBHu2Ie', NULL, NULL, NULL, 'angkasa.png');

--
-- Indexes for dumped tables
--

--
-- Indexes for table `failed_jobs`
--
ALTER TABLE `failed_jobs`
  ADD PRIMARY KEY (`id`),
  ADD UNIQUE KEY `failed_jobs_uuid_unique` (`uuid`);

--
-- Indexes for table `migrations`
--
ALTER TABLE `migrations`
  ADD PRIMARY KEY (`id`);

--
-- Indexes for table `password_resets`
--
ALTER TABLE `password_resets`
  ADD KEY `password_resets_email_index` (`email`);

--
-- Indexes for table `personal_access_tokens`
--
ALTER TABLE `personal_access_tokens`
  ADD PRIMARY KEY (`id`),
  ADD UNIQUE KEY `personal_access_tokens_token_unique` (`token`),
  ADD KEY `personal_access_tokens_tokenable_type_tokenable_id_index` (`tokenable_type`,`tokenable_id`);

--
-- Indexes for table `tbl_datalahan`
--
ALTER TABLE `tbl_datalahan`
  ADD PRIMARY KEY (`id_datalahan`);

--
-- Indexes for table `tbl_pemiliklahan`
--
ALTER TABLE `tbl_pemiliklahan`
  ADD PRIMARY KEY (`id_pemiliklahan`);

--
-- Indexes for table `tbl_prediksiluas`
--
ALTER TABLE `tbl_prediksiluas`
  ADD PRIMARY KEY (`id_prediksiluas`),
  ADD KEY `id_pemiliklahan` (`id_pemiliklahan`),
  ADD KEY `id_datalahan` (`id_datalahan`),
  ADD KEY `id_datalahan_2` (`id_datalahan`);

--
-- Indexes for table `tbl_rawanbanjir`
--
ALTER TABLE `tbl_rawanbanjir`
  ADD PRIMARY KEY (`id_rawanbanjir`);

--
-- Indexes for table `tbl_wilayahdesa`
--
ALTER TABLE `tbl_wilayahdesa`
  ADD PRIMARY KEY (`id_wilayahdesa`);

--
-- Indexes for table `users`
--
ALTER TABLE `users`
  ADD PRIMARY KEY (`id`),
  ADD UNIQUE KEY `users_email_unique` (`email`);

--
-- AUTO_INCREMENT for dumped tables
--

--
-- AUTO_INCREMENT for table `failed_jobs`
--
ALTER TABLE `failed_jobs`
  MODIFY `id` bigint(20) UNSIGNED NOT NULL AUTO_INCREMENT;

--
-- AUTO_INCREMENT for table `migrations`
--
ALTER TABLE `migrations`
  MODIFY `id` int(10) UNSIGNED NOT NULL AUTO_INCREMENT, AUTO_INCREMENT=5;

--
-- AUTO_INCREMENT for table `personal_access_tokens`
--
ALTER TABLE `personal_access_tokens`
  MODIFY `id` bigint(20) UNSIGNED NOT NULL AUTO_INCREMENT;

--
-- AUTO_INCREMENT for table `tbl_datalahan`
--
ALTER TABLE `tbl_datalahan`
  MODIFY `id_datalahan` int(11) NOT NULL AUTO_INCREMENT, AUTO_INCREMENT=80;

--
-- AUTO_INCREMENT for table `tbl_pemiliklahan`
--
ALTER TABLE `tbl_pemiliklahan`
  MODIFY `id_pemiliklahan` int(11) NOT NULL AUTO_INCREMENT, AUTO_INCREMENT=87;

--
-- AUTO_INCREMENT for table `tbl_prediksiluas`
--
ALTER TABLE `tbl_prediksiluas`
  MODIFY `id_prediksiluas` int(11) NOT NULL AUTO_INCREMENT, AUTO_INCREMENT=57;

--
-- AUTO_INCREMENT for table `tbl_rawanbanjir`
--
ALTER TABLE `tbl_rawanbanjir`
  MODIFY `id_rawanbanjir` int(20) NOT NULL AUTO_INCREMENT, AUTO_INCREMENT=10;

--
-- AUTO_INCREMENT for table `tbl_wilayahdesa`
--
ALTER TABLE `tbl_wilayahdesa`
  MODIFY `id_wilayahdesa` int(20) NOT NULL AUTO_INCREMENT, AUTO_INCREMENT=16;

--
-- AUTO_INCREMENT for table `users`
--
ALTER TABLE `users`
  MODIFY `id` bigint(20) UNSIGNED NOT NULL AUTO_INCREMENT, AUTO_INCREMENT=5;

--
-- Constraints for dumped tables
--

--
-- Constraints for table `tbl_prediksiluas`
--
ALTER TABLE `tbl_prediksiluas`
  ADD CONSTRAINT `tbl_prediksiluas_ibfk_1` FOREIGN KEY (`id_pemiliklahan`) REFERENCES `tbl_pemiliklahan` (`id_pemiliklahan`),
  ADD CONSTRAINT `tbl_prediksiluas_ibfk_2` FOREIGN KEY (`id_datalahan`) REFERENCES `tbl_datalahan` (`id_datalahan`);
COMMIT;

/*!40101 SET CHARACTER_SET_CLIENT=@OLD_CHARACTER_SET_CLIENT */;
/*!40101 SET CHARACTER_SET_RESULTS=@OLD_CHARACTER_SET_RESULTS */;
/*!40101 SET COLLATION_CONNECTION=@OLD_COLLATION_CONNECTION */;
